"filename","title","description","feature","topic","role","level"
"./metadata.md","","this is the metadata required for AEMaaCS documentation pages","","","",""
"./help/move-to-cloud-service/TOC.md","","","Deploying","","Architect, Developer",""
"./help/move-to-cloud-service/home.md","Move to AEM as a Cloud Service","Adobe Experience Manager as a Cloud Service moving to AEM as a cloud service self-help resources and documentation links","","","",""
"./help/move-to-cloud-service/planning.md","Planning Phase","Planning Phase","","","",""
"./help/move-to-cloud-service/execution.md","Execution Phase","Execution Phase","","","",""
"./help/move-to-cloud-service/post-go-live.md","Post Go-live Phase","Post Go-live Phase","","","",""
"./help/move-to-cloud-service/best-practices-analyzer/overview-best-practices-analyzer.md","Overview to Best Practices Analyzer","Overview to Best Practices Analyzer","","","",""
"./help/move-to-cloud-service/best-practices-analyzer/using-best-practices-analyzer.md","Using Best Practices Analyzer","Using Best Practices Analyzer","","","",""
"./help/move-to-cloud-service/content-transfer-tool/overview-content-transfer-tool.md","Overview to Content Transfer Tool","Overview to Content Transfer Tool","","","",""
"./help/move-to-cloud-service/content-transfer-tool/using-user-mapping-tool.md","Using User Mapping Tool","Using User Mapping Tool","","","",""
"./help/move-to-cloud-service/content-transfer-tool/using-content-transfer-tool.md","Using Content Transfer Tool","Using Content Transfer Tool","","","",""
"./help/move-to-cloud-service/unified-experience.md","Unified Experience for Code Refactoring Tools","Unified Experience for Code Refactoring Tools","","","",""
"./help/move-to-cloud-service/refactoring-tools/repo-modernizer.md","Repository Modernizer","Repository Modernizer","","","",""
"./help/move-to-cloud-service/refactoring-tools/index-converter.md","Index Converter","Index Converter","","","",""
"./help/move-to-cloud-service/moving-to-aem-assets/asset-workflow-migration-tool.md","Asset Workflow Migration Tool","Asset Workflow Migration Tool ","","","",""
"./help/move-to-cloud-service/refactoring-tools/dispatcher-transformation-utility-tools.md","AEM Dispatcher Converter Tool","AEM Dispatcher Converter Tool","","","",""
"./help/move-to-cloud-service/refactoring-tools/aem-modernization-tools.md","AEM Modernization Tools","AEM Modernization Tools ","","","",""
